movie_name,feedback1,feedback2,feedback3,feedback4
Casablanca,A masterpiece with deep emotional impact.,Could have been shorter; felt unnecessarily long.,"Good cinematography, though the plot could be tighter.",Interesting concept but not for everyone.
Citizen Kane,Brilliant storytelling and pacing.,The pacing was off and some scenes dragged.,A decent film with room for improvement.,Some parts felt a bit slow but still enjoyable.
Gone with the Wind,Incredible soundtrack and immersive atmosphere.,Could have been shorter; felt unnecessarily long.,A decent film with room for improvement.,"Good cinematography, though the plot could be tighter."
Psycho,Absolutely stunning visuals and direction.,Predictable storyline and weak dialogue.,A decent film with room for improvement.,Brilliant storytelling and pacing.
Vertigo,Brilliant storytelling and pacing.,Predictable storyline and weak dialogue.,"Good cinematography, though the plot could be tighter.",Could have been shorter; felt unnecessarily long.
Rear Window,Absolutely stunning visuals and direction.,Predictable storyline and weak dialogue.,Some parts felt a bit slow but still enjoyable.,"Good cinematography, though the plot could be tighter."
Sunset Boulevard,The acting was phenomenal throughout.,Predictable storyline and weak dialogue.,A decent film with room for improvement.,Brilliant storytelling and pacing.
12 Angry Men,Absolutely stunning visuals and direction.,Underdeveloped characters made it less engaging.,Had its moments but lacked consistency.,A decent film with room for improvement.
On the Waterfront,A masterpiece with deep emotional impact.,Predictable storyline and weak dialogue.,A decent film with room for improvement.,"Good cinematography, though the plot could be tighter."
Lawrence of Arabia,Incredible soundtrack and immersive atmosphere.,The pacing was off and some scenes dragged.,A decent film with room for improvement.,Could have been shorter; felt unnecessarily long.
Ben-Hur,Incredible soundtrack and immersive atmosphere.,The pacing was off and some scenes dragged.,Interesting concept but not for everyone.,Could have been shorter; felt unnecessarily long.
Singin' in the Rain,The acting was phenomenal throughout.,Could have been shorter; felt unnecessarily long.,Had its moments but lacked consistency.,Some parts felt a bit slow but still enjoyable.
The Sound of Music,Brilliant storytelling and pacing.,"Overly complex at times, hard to follow.",Had its moments but lacked consistency.,Interesting concept but not for everyone.
Dr. Strangelove,The acting was phenomenal throughout.,Underdeveloped characters made it less engaging.,A decent film with room for improvement.,"Good cinematography, though the plot could be tighter."
To Kill a Mockingbird,Absolutely stunning visuals and direction.,The pacing was off and some scenes dragged.,Interesting concept but not for everyone.,The acting was phenomenal throughout.
The Bridge on the River Kwai,Brilliant storytelling and pacing.,The pacing was off and some scenes dragged.,"Good cinematography, though the plot could be tighter.",Some parts felt a bit slow but still enjoyable.
Chinatown,Absolutely stunning visuals and direction.,"Overly complex at times, hard to follow.",Interesting concept but not for everyone.,Had its moments but lacked consistency.
The Apartment,Incredible soundtrack and immersive atmosphere.,Underdeveloped characters made it less engaging.,Had its moments but lacked consistency.,"Overly complex at times, hard to follow."
One Flew Over the Cuckoo's Nest,Incredible soundtrack and immersive atmosphere.,The pacing was off and some scenes dragged.,Interesting concept but not for everyone.,Brilliant storytelling and pacing.
Taxi Driver,The acting was phenomenal throughout.,Underdeveloped characters made it less engaging.,Interesting concept but not for everyone.,A masterpiece with deep emotional impact.
Rocky,A masterpiece with deep emotional impact.,Could have been shorter; felt unnecessarily long.,Had its moments but lacked consistency.,Interesting concept but not for everyone.
Jaws,A masterpiece with deep emotional impact.,"Overly complex at times, hard to follow.","Good cinematography, though the plot could be tighter.",Underdeveloped characters made it less engaging.
Star Wars: A New Hope,The acting was phenomenal throughout.,"Overly complex at times, hard to follow.",A decent film with room for improvement.,The pacing was off and some scenes dragged.
Close Encounters of the Third Kind,Brilliant storytelling and pacing.,The pacing was off and some scenes dragged.,A decent film with room for improvement.,A decent film with room for improvement.
Apocalypse Now,Incredible soundtrack and immersive atmosphere.,"Overly complex at times, hard to follow.",A decent film with room for improvement.,Some parts felt a bit slow but still enjoyable.
Alien,A masterpiece with deep emotional impact.,The pacing was off and some scenes dragged.,A decent film with room for improvement.,"Overly complex at times, hard to follow."
Raging Bull,Incredible soundtrack and immersive atmosphere.,Predictable storyline and weak dialogue.,A decent film with room for improvement.,The pacing was off and some scenes dragged.
The Shining,Brilliant storytelling and pacing.,Could have been shorter; felt unnecessarily long.,Interesting concept but not for everyone.,Could have been shorter; felt unnecessarily long.
Blade Runner,Absolutely stunning visuals and direction.,The pacing was off and some scenes dragged.,"Good cinematography, though the plot could be tighter.",Had its moments but lacked consistency.
E.T. the Extra-Terrestrial,The acting was phenomenal throughout.,Predictable storyline and weak dialogue.,Some parts felt a bit slow but still enjoyable.,A masterpiece with deep emotional impact.
The Terminator,Incredible soundtrack and immersive atmosphere.,Underdeveloped characters made it less engaging.,A decent film with room for improvement.,The acting was phenomenal throughout.
Back to the Future,Brilliant storytelling and pacing.,Predictable storyline and weak dialogue.,A decent film with room for improvement.,Brilliant storytelling and pacing.
Ghostbusters,Absolutely stunning visuals and direction.,Underdeveloped characters made it less engaging.,A decent film with room for improvement.,Absolutely stunning visuals and direction.
Die Hard,Brilliant storytelling and pacing.,Predictable storyline and weak dialogue.,Some parts felt a bit slow but still enjoyable.,A masterpiece with deep emotional impact.
Top Gun,A masterpiece with deep emotional impact.,Predictable storyline and weak dialogue.,Interesting concept but not for everyone.,Interesting concept but not for everyone.
The Breakfast Club,Absolutely stunning visuals and direction.,The pacing was off and some scenes dragged.,"Good cinematography, though the plot could be tighter.",Incredible soundtrack and immersive atmosphere.
Ferris Bueller's Day Off,Absolutely stunning visuals and direction.,Could have been shorter; felt unnecessarily long.,Interesting concept but not for everyone.,Had its moments but lacked consistency.
The Untouchables,Absolutely stunning visuals and direction.,Could have been shorter; felt unnecessarily long.,"Good cinematography, though the plot could be tighter.",Underdeveloped characters made it less engaging.
Platoon,Absolutely stunning visuals and direction.,Predictable storyline and weak dialogue.,A decent film with room for improvement.,Some parts felt a bit slow but still enjoyable.
Full Metal Jacket,Brilliant storytelling and pacing.,Underdeveloped characters made it less engaging.,Had its moments but lacked consistency.,Incredible soundtrack and immersive atmosphere.
Rain Man,Absolutely stunning visuals and direction.,Underdeveloped characters made it less engaging.,Interesting concept but not for everyone.,The pacing was off and some scenes dragged.
When Harry Met Sally,A masterpiece with deep emotional impact.,"Overly complex at times, hard to follow.",Interesting concept but not for everyone.,Incredible soundtrack and immersive atmosphere.
Goodfellas,A masterpiece with deep emotional impact.,"Overly complex at times, hard to follow.","Good cinematography, though the plot could be tighter.",Predictable storyline and weak dialogue.
The Silence of the Lambs,Brilliant storytelling and pacing.,The pacing was off and some scenes dragged.,"Good cinematography, though the plot could be tighter.",Interesting concept but not for everyone.
Schindler's List,A masterpiece with deep emotional impact.,Underdeveloped characters made it less engaging.,Some parts felt a bit slow but still enjoyable.,"Overly complex at times, hard to follow."
Jurassic Park,Absolutely stunning visuals and direction.,Predictable storyline and weak dialogue.,Interesting concept but not for everyone.,Some parts felt a bit slow but still enjoyable.
Forrest Gump,Incredible soundtrack and immersive atmosphere.,Predictable storyline and weak dialogue.,A decent film with room for improvement.,Underdeveloped characters made it less engaging.
The Shawshank Redemption,A masterpiece with deep emotional impact.,Predictable storyline and weak dialogue.,Some parts felt a bit slow but still enjoyable.,A masterpiece with deep emotional impact.
Se7en,The acting was phenomenal throughout.,The pacing was off and some scenes dragged.,A decent film with room for improvement.,Predictable storyline and weak dialogue.
Braveheart,A masterpiece with deep emotional impact.,Predictable storyline and weak dialogue.,Had its moments but lacked consistency.,The acting was phenomenal throughout.
The Usual Suspects,Incredible soundtrack and immersive atmosphere.,"Overly complex at times, hard to follow.",Interesting concept but not for everyone.,Predictable storyline and weak dialogue.
Heat,A masterpiece with deep emotional impact.,"Overly complex at times, hard to follow.","Good cinematography, though the plot could be tighter.",Had its moments but lacked consistency.
Titanic,A masterpiece with deep emotional impact.,The pacing was off and some scenes dragged.,Interesting concept but not for everyone.,Had its moments but lacked consistency.
Saving Private Ryan,Incredible soundtrack and immersive atmosphere.,"Overly complex at times, hard to follow.",Some parts felt a bit slow but still enjoyable.,A decent film with room for improvement.
The Truman Show,Absolutely stunning visuals and direction.,The pacing was off and some scenes dragged.,A decent film with room for improvement.,"Good cinematography, though the plot could be tighter."
American Beauty,The acting was phenomenal throughout.,"Overly complex at times, hard to follow.",Had its moments but lacked consistency.,"Overly complex at times, hard to follow."
Fight Club,Absolutely stunning visuals and direction.,Could have been shorter; felt unnecessarily long.,"Good cinematography, though the plot could be tighter.",Incredible soundtrack and immersive atmosphere.
The Matrix,Brilliant storytelling and pacing.,Predictable storyline and weak dialogue.,Some parts felt a bit slow but still enjoyable.,Predictable storyline and weak dialogue.
Gladiator,The acting was phenomenal throughout.,Could have been shorter; felt unnecessarily long.,Had its moments but lacked consistency.,Underdeveloped characters made it less engaging.
Memento,Absolutely stunning visuals and direction.,Could have been shorter; felt unnecessarily long.,Some parts felt a bit slow but still enjoyable.,Interesting concept but not for everyone.
Cast Away,Incredible soundtrack and immersive atmosphere.,Underdeveloped characters made it less engaging.,Interesting concept but not for everyone.,Could have been shorter; felt unnecessarily long.
The Sixth Sense,A masterpiece with deep emotional impact.,Predictable storyline and weak dialogue.,A decent film with room for improvement.,Absolutely stunning visuals and direction.
Erin Brockovich,The acting was phenomenal throughout.,Could have been shorter; felt unnecessarily long.,Interesting concept but not for everyone.,Incredible soundtrack and immersive atmosphere.
A Beautiful Mind,A masterpiece with deep emotional impact.,The pacing was off and some scenes dragged.,"Good cinematography, though the plot could be tighter.",Predictable storyline and weak dialogue.
Requiem for a Dream,Brilliant storytelling and pacing.,The pacing was off and some scenes dragged.,A decent film with room for improvement.,A decent film with room for improvement.
Almost Famous,Incredible soundtrack and immersive atmosphere.,Predictable storyline and weak dialogue.,Had its moments but lacked consistency.,"Overly complex at times, hard to follow."
The Pianist,Absolutely stunning visuals and direction.,Could have been shorter; felt unnecessarily long.,Interesting concept but not for everyone.,Underdeveloped characters made it less engaging.
Catch Me If You Can,A masterpiece with deep emotional impact.,The pacing was off and some scenes dragged.,"Good cinematography, though the plot could be tighter.",Could have been shorter; felt unnecessarily long.
Mystic River,A masterpiece with deep emotional impact.,The pacing was off and some scenes dragged.,Some parts felt a bit slow but still enjoyable.,Brilliant storytelling and pacing.
Lost in Translation,A masterpiece with deep emotional impact.,Predictable storyline and weak dialogue.,A decent film with room for improvement.,Interesting concept but not for everyone.
The Lord of the Rings: The Fellowship of the Ring,Brilliant storytelling and pacing.,Could have been shorter; felt unnecessarily long.,Some parts felt a bit slow but still enjoyable.,A decent film with room for improvement.
The Lord of the Rings: The Two Towers,The acting was phenomenal throughout.,Underdeveloped characters made it less engaging.,Had its moments but lacked consistency.,Had its moments but lacked consistency.
The Lord of the Rings: The Return of the King,Incredible soundtrack and immersive atmosphere.,The pacing was off and some scenes dragged.,A decent film with room for improvement.,Incredible soundtrack and immersive atmosphere.
Pirates of the Caribbean: The Curse of the Black Pearl,Brilliant storytelling and pacing.,"Overly complex at times, hard to follow.",A decent film with room for improvement.,A decent film with room for improvement.
Collateral,Brilliant storytelling and pacing.,Could have been shorter; felt unnecessarily long.,A decent film with room for improvement.,Interesting concept but not for everyone.
Eternal Sunshine of the Spotless Mind,Absolutely stunning visuals and direction.,Could have been shorter; felt unnecessarily long.,"Good cinematography, though the plot could be tighter.",The pacing was off and some scenes dragged.
The Aviator,Brilliant storytelling and pacing.,Predictable storyline and weak dialogue.,Some parts felt a bit slow but still enjoyable.,Some parts felt a bit slow but still enjoyable.
Crash,Absolutely stunning visuals and direction.,Underdeveloped characters made it less engaging.,A decent film with room for improvement.,The pacing was off and some scenes dragged.
Brokeback Mountain,Incredible soundtrack and immersive atmosphere.,Underdeveloped characters made it less engaging.,Interesting concept but not for everyone.,"Good cinematography, though the plot could be tighter."
The Departed,Incredible soundtrack and immersive atmosphere.,The pacing was off and some scenes dragged.,"Good cinematography, though the plot could be tighter.",Absolutely stunning visuals and direction.
The Prestige,Brilliant storytelling and pacing.,Predictable storyline and weak dialogue.,"Good cinematography, though the plot could be tighter.",Incredible soundtrack and immersive atmosphere.
The Pursuit of Happyness,Absolutely stunning visuals and direction.,Predictable storyline and weak dialogue.,Interesting concept but not for everyone.,Brilliant storytelling and pacing.
No Country for Old Men,Absolutely stunning visuals and direction.,Predictable storyline and weak dialogue.,Interesting concept but not for everyone.,Incredible soundtrack and immersive atmosphere.
There Will Be Blood,A masterpiece with deep emotional impact.,Predictable storyline and weak dialogue.,Had its moments but lacked consistency.,Interesting concept but not for everyone.
The Dark Knight,Absolutely stunning visuals and direction.,The pacing was off and some scenes dragged.,A decent film with room for improvement.,Underdeveloped characters made it less engaging.
Slumdog Millionaire,Incredible soundtrack and immersive atmosphere.,"Overly complex at times, hard to follow.",Interesting concept but not for everyone.,Interesting concept but not for everyone.
Avatar,Incredible soundtrack and immersive atmosphere.,Underdeveloped characters made it less engaging.,Some parts felt a bit slow but still enjoyable.,"Overly complex at times, hard to follow."
Inglourious Basterds,Brilliant storytelling and pacing.,"Overly complex at times, hard to follow.",Some parts felt a bit slow but still enjoyable.,The pacing was off and some scenes dragged.
The Social Network,A masterpiece with deep emotional impact.,Could have been shorter; felt unnecessarily long.,Had its moments but lacked consistency.,Incredible soundtrack and immersive atmosphere.
Black Swan,A masterpiece with deep emotional impact.,Underdeveloped characters made it less engaging.,Had its moments but lacked consistency.,Incredible soundtrack and immersive atmosphere.
The Fighter,The acting was phenomenal throughout.,Could have been shorter; felt unnecessarily long.,A decent film with room for improvement.,Could have been shorter; felt unnecessarily long.
Inception,Absolutely stunning visuals and direction.,Predictable storyline and weak dialogue.,Had its moments but lacked consistency.,Could have been shorter; felt unnecessarily long.
The King's Speech,Absolutely stunning visuals and direction.,Predictable storyline and weak dialogue.,Some parts felt a bit slow but still enjoyable.,Incredible soundtrack and immersive atmosphere.
Moneyball,The acting was phenomenal throughout.,"Overly complex at times, hard to follow.",A decent film with room for improvement.,Interesting concept but not for everyone.
The Artist,Absolutely stunning visuals and direction.,Could have been shorter; felt unnecessarily long.,A decent film with room for improvement.,Predictable storyline and weak dialogue.
Django Unchained,Brilliant storytelling and pacing.,Predictable storyline and weak dialogue.,Some parts felt a bit slow but still enjoyable.,A decent film with room for improvement.
Argo,A masterpiece with deep emotional impact.,Underdeveloped characters made it less engaging.,Interesting concept but not for everyone.,The acting was phenomenal throughout.
Gravity,Incredible soundtrack and immersive atmosphere.,Predictable storyline and weak dialogue.,Some parts felt a bit slow but still enjoyable.,Could have been shorter; felt unnecessarily long.
12 Years a Slave,The acting was phenomenal throughout.,The pacing was off and some scenes dragged.,Some parts felt a bit slow but still enjoyable.,Predictable storyline and weak dialogue.
Her,The acting was phenomenal throughout.,"Overly complex at times, hard to follow.",Some parts felt a bit slow but still enjoyable.,Absolutely stunning visuals and direction.
Whiplash,The acting was phenomenal throughout.,"Overly complex at times, hard to follow.",Interesting concept but not for everyone.,Underdeveloped characters made it less engaging.
Birdman,Absolutely stunning visuals and direction.,"Overly complex at times, hard to follow.",Had its moments but lacked consistency.,The pacing was off and some scenes dragged.
The Grand Budapest Hotel,The acting was phenomenal throughout.,"Overly complex at times, hard to follow.",Interesting concept but not for everyone.,Interesting concept but not for everyone.
Interstellar,A masterpiece with deep emotional impact.,The pacing was off and some scenes dragged.,A decent film with room for improvement.,Incredible soundtrack and immersive atmosphere.
The Imitation Game,A masterpiece with deep emotional impact.,The pacing was off and some scenes dragged.,Some parts felt a bit slow but still enjoyable.,A masterpiece with deep emotional impact.
Spotlight,Absolutely stunning visuals and direction.,Underdeveloped characters made it less engaging.,Some parts felt a bit slow but still enjoyable.,Underdeveloped characters made it less engaging.
The Revenant,Brilliant storytelling and pacing.,Could have been shorter; felt unnecessarily long.,Some parts felt a bit slow but still enjoyable.,"Good cinematography, though the plot could be tighter."
Room,The acting was phenomenal throughout.,Predictable storyline and weak dialogue.,Interesting concept but not for everyone.,"Good cinematography, though the plot could be tighter."
Mad Max: Fury Road,Absolutely stunning visuals and direction.,Predictable storyline and weak dialogue.,Interesting concept but not for everyone.,Could have been shorter; felt unnecessarily long.
La La Land,A masterpiece with deep emotional impact.,"Overly complex at times, hard to follow.",Some parts felt a bit slow but still enjoyable.,Incredible soundtrack and immersive atmosphere.
Arrival,Brilliant storytelling and pacing.,Could have been shorter; felt unnecessarily long.,"Good cinematography, though the plot could be tighter.","Overly complex at times, hard to follow."
Moonlight,Incredible soundtrack and immersive atmosphere.,Underdeveloped characters made it less engaging.,Had its moments but lacked consistency.,A masterpiece with deep emotional impact.
Manchester by the Sea,Brilliant storytelling and pacing.,"Overly complex at times, hard to follow.",Had its moments but lacked consistency.,Could have been shorter; felt unnecessarily long.
Hacksaw Ridge,Brilliant storytelling and pacing.,"Overly complex at times, hard to follow.",Some parts felt a bit slow but still enjoyable.,The acting was phenomenal throughout.
Get Out,Brilliant storytelling and pacing.,Predictable storyline and weak dialogue.,Had its moments but lacked consistency.,"Good cinematography, though the plot could be tighter."
"Three Billboards Outside Ebbing, Missouri",A masterpiece with deep emotional impact.,The pacing was off and some scenes dragged.,A decent film with room for improvement.,Predictable storyline and weak dialogue.
Dunkirk,A masterpiece with deep emotional impact.,Predictable storyline and weak dialogue.,Some parts felt a bit slow but still enjoyable.,A decent film with room for improvement.
The Shape of Water,Incredible soundtrack and immersive atmosphere.,"Overly complex at times, hard to follow.",Had its moments but lacked consistency.,Underdeveloped characters made it less engaging.
A Star Is Born,A masterpiece with deep emotional impact.,Could have been shorter; felt unnecessarily long.,A decent film with room for improvement.,Interesting concept but not for everyone.
Bohemian Rhapsody,Brilliant storytelling and pacing.,Underdeveloped characters made it less engaging.,A decent film with room for improvement.,Interesting concept but not for everyone.
1917,Brilliant storytelling and pacing.,Underdeveloped characters made it less engaging.,Some parts felt a bit slow but still enjoyable.,Underdeveloped characters made it less engaging.
Joker,Incredible soundtrack and immersive atmosphere.,Underdeveloped characters made it less engaging.,A decent film with room for improvement.,Incredible soundtrack and immersive atmosphere.
Once Upon a Time in Hollywood,A masterpiece with deep emotional impact.,"Overly complex at times, hard to follow.",Had its moments but lacked consistency.,Had its moments but lacked consistency.
Ford v Ferrari,A masterpiece with deep emotional impact.,Predictable storyline and weak dialogue.,Some parts felt a bit slow but still enjoyable.,Incredible soundtrack and immersive atmosphere.
Parasite,A masterpiece with deep emotional impact.,"Overly complex at times, hard to follow.","Good cinematography, though the plot could be tighter.",Absolutely stunning visuals and direction.
Knives Out,Brilliant storytelling and pacing.,Predictable storyline and weak dialogue.,A decent film with room for improvement.,A decent film with room for improvement.
Jojo Rabbit,Incredible soundtrack and immersive atmosphere.,Could have been shorter; felt unnecessarily long.,"Good cinematography, though the plot could be tighter.",Could have been shorter; felt unnecessarily long.
Tenet,Absolutely stunning visuals and direction.,"Overly complex at times, hard to follow.",Some parts felt a bit slow but still enjoyable.,Predictable storyline and weak dialogue.
Soul,Absolutely stunning visuals and direction.,The pacing was off and some scenes dragged.,Had its moments but lacked consistency.,"Good cinematography, though the plot could be tighter."
Nomadland,The acting was phenomenal throughout.,Underdeveloped characters made it less engaging.,Interesting concept but not for everyone.,A decent film with room for improvement.
The Father,A masterpiece with deep emotional impact.,Predictable storyline and weak dialogue.,Some parts felt a bit slow but still enjoyable.,Brilliant storytelling and pacing.
Promising Young Woman,Brilliant storytelling and pacing.,"Overly complex at times, hard to follow.","Good cinematography, though the plot could be tighter.",The pacing was off and some scenes dragged.
Dune,Incredible soundtrack and immersive atmosphere.,"Overly complex at times, hard to follow.",Some parts felt a bit slow but still enjoyable.,Interesting concept but not for everyone.
Don't Look Up,Incredible soundtrack and immersive atmosphere.,The pacing was off and some scenes dragged.,Some parts felt a bit slow but still enjoyable.,A masterpiece with deep emotional impact.
The Power of the Dog,Incredible soundtrack and immersive atmosphere.,Could have been shorter; felt unnecessarily long.,A decent film with room for improvement.,Absolutely stunning visuals and direction.
Everything Everywhere All at Once,A masterpiece with deep emotional impact.,Underdeveloped characters made it less engaging.,"Good cinematography, though the plot could be tighter.",Some parts felt a bit slow but still enjoyable.
The Whale,The acting was phenomenal throughout.,Predictable storyline and weak dialogue.,A decent film with room for improvement.,Brilliant storytelling and pacing.
Top Gun: Maverick,Absolutely stunning visuals and direction.,Underdeveloped characters made it less engaging.,"Good cinematography, though the plot could be tighter.",Had its moments but lacked consistency.
Oppenheimer,Absolutely stunning visuals and direction.,Predictable storyline and weak dialogue.,Interesting concept but not for everyone.,Underdeveloped characters made it less engaging.
Barbie,The acting was phenomenal throughout.,Could have been shorter; felt unnecessarily long.,"Good cinematography, though the plot could be tighter.",Interesting concept but not for everyone.
Poor Things,Incredible soundtrack and immersive atmosphere.,Underdeveloped characters made it less engaging.,"Good cinematography, though the plot could be tighter.","Overly complex at times, hard to follow."
Killers of the Flower Moon,Incredible soundtrack and immersive atmosphere.,"Overly complex at times, hard to follow.",Had its moments but lacked consistency.,Had its moments but lacked consistency.
The Zone of Interest,The acting was phenomenal throughout.,Underdeveloped characters made it less engaging.,A decent film with room for improvement.,"Good cinematography, though the plot could be tighter."
The Batman,Brilliant storytelling and pacing.,The pacing was off and some scenes dragged.,Had its moments but lacked consistency.,"Good cinematography, though the plot could be tighter."
Air,Absolutely stunning visuals and direction.,Could have been shorter; felt unnecessarily long.,Had its moments but lacked consistency.,Absolutely stunning visuals and direction.
The Holdovers,A masterpiece with deep emotional impact.,"Overly complex at times, hard to follow.","Good cinematography, though the plot could be tighter.",A decent film with room for improvement.
Past Lives,Absolutely stunning visuals and direction.,"Overly complex at times, hard to follow.",Had its moments but lacked consistency.,A decent film with room for improvement.
Saltburn,Incredible soundtrack and immersive atmosphere.,Underdeveloped characters made it less engaging.,Had its moments but lacked consistency.,Could have been shorter; felt unnecessarily long.
Napoleon,The acting was phenomenal throughout.,Underdeveloped characters made it less engaging.,Some parts felt a bit slow but still enjoyable.,Brilliant storytelling and pacing.
The Killer,A masterpiece with deep emotional impact.,Could have been shorter; felt unnecessarily long.,Some parts felt a bit slow but still enjoyable.,"Overly complex at times, hard to follow."
Maestro,A masterpiece with deep emotional impact.,"Overly complex at times, hard to follow.","Good cinematography, though the plot could be tighter.",The acting was phenomenal throughout.
The Iron Claw,Absolutely stunning visuals and direction.,The pacing was off and some scenes dragged.,Interesting concept but not for everyone.,A decent film with room for improvement.
Civil War,Absolutely stunning visuals and direction.,Underdeveloped characters made it less engaging.,A decent film with room for improvement.,"Good cinematography, though the plot could be tighter."
Challengers,Brilliant storytelling and pacing.,Could have been shorter; felt unnecessarily long.,A decent film with room for improvement.,"Overly complex at times, hard to follow."
Twisters,Incredible soundtrack and immersive atmosphere.,"Overly complex at times, hard to follow.","Good cinematography, though the plot could be tighter.",A masterpiece with deep emotional impact.
Furiosa: A Mad Max Saga,The acting was phenomenal throughout.,"Overly complex at times, hard to follow.",Some parts felt a bit slow but still enjoyable.,The pacing was off and some scenes dragged.
A Quiet Place: Day One,Brilliant storytelling and pacing.,The pacing was off and some scenes dragged.,A decent film with room for improvement.,Absolutely stunning visuals and direction.
Deadpool & Wolverine,The acting was phenomenal throughout.,"Overly complex at times, hard to follow.",Had its moments but lacked consistency.,Incredible soundtrack and immersive atmosphere.
The Fall Guy,Incredible soundtrack and immersive atmosphere.,Underdeveloped characters made it less engaging.,Some parts felt a bit slow but still enjoyable.,Could have been shorter; felt unnecessarily long.
Damsel,Brilliant storytelling and pacing.,The pacing was off and some scenes dragged.,Some parts felt a bit slow but still enjoyable.,"Overly complex at times, hard to follow."
Argylle,The acting was phenomenal throughout.,Predictable storyline and weak dialogue.,"Good cinematography, though the plot could be tighter.",A masterpiece with deep emotional impact.
Civil War,Brilliant storytelling and pacing.,Predictable storyline and weak dialogue.,Some parts felt a bit slow but still enjoyable.,A decent film with room for improvement.
Beetlejuice Beetlejuice,Brilliant storytelling and pacing.,Could have been shorter; felt unnecessarily long.,Had its moments but lacked consistency.,Predictable storyline and weak dialogue.
Smile,Absolutely stunning visuals and direction.,Could have been shorter; felt unnecessarily long.,Had its moments but lacked consistency.,"Overly complex at times, hard to follow."
Nope,Absolutely stunning visuals and direction.,"Overly complex at times, hard to follow.",Had its moments but lacked consistency.,Some parts felt a bit slow but still enjoyable.
Us,Absolutely stunning visuals and direction.,"Overly complex at times, hard to follow.",Interesting concept but not for everyone.,The pacing was off and some scenes dragged.
Midsommar,Brilliant storytelling and pacing.,"Overly complex at times, hard to follow.",Had its moments but lacked consistency.,The pacing was off and some scenes dragged.
Hereditary,A masterpiece with deep emotional impact.,Underdeveloped characters made it less engaging.,A decent film with room for improvement.,Had its moments but lacked consistency.
Get Out,The acting was phenomenal throughout.,Could have been shorter; felt unnecessarily long.,Interesting concept but not for everyone.,Some parts felt a bit slow but still enjoyable.
The Menu,Brilliant storytelling and pacing.,Could have been shorter; felt unnecessarily long.,A decent film with room for improvement.,A decent film with room for improvement.
The Northman,A masterpiece with deep emotional impact.,The pacing was off and some scenes dragged.,"Good cinematography, though the plot could be tighter.",Had its moments but lacked consistency.
The Lighthouse,The acting was phenomenal throughout.,The pacing was off and some scenes dragged.,"Good cinematography, though the plot could be tighter.",Brilliant storytelling and pacing.
Ex Machina,The acting was phenomenal throughout.,Predictable storyline and weak dialogue.,A decent film with room for improvement.,Underdeveloped characters made it less engaging.
Gone Girl,The acting was phenomenal throughout.,"Overly complex at times, hard to follow.",Some parts felt a bit slow but still enjoyable.,A masterpiece with deep emotional impact.
The Martian,A masterpiece with deep emotional impact.,The pacing was off and some scenes dragged.,Had its moments but lacked consistency.,The pacing was off and some scenes dragged.
Guardians of the Galaxy,Absolutely stunning visuals and direction.,The pacing was off and some scenes dragged.,A decent film with room for improvement.,Could have been shorter; felt unnecessarily long.
Doctor Strange,Brilliant storytelling and pacing.,Could have been shorter; felt unnecessarily long.,Some parts felt a bit slow but still enjoyable.,Incredible soundtrack and immersive atmosphere.
Iron Man,The acting was phenomenal throughout.,"Overly complex at times, hard to follow.",Some parts felt a bit slow but still enjoyable.,A decent film with room for improvement.
Captain America: The First Avenger,Absolutely stunning visuals and direction.,The pacing was off and some scenes dragged.,A decent film with room for improvement.,"Good cinematography, though the plot could be tighter."
Thor,The acting was phenomenal throughout.,Predictable storyline and weak dialogue.,Some parts felt a bit slow but still enjoyable.,Brilliant storytelling and pacing.
Black Panther,A masterpiece with deep emotional impact.,The pacing was off and some scenes dragged.,"Good cinematography, though the plot could be tighter.",Could have been shorter; felt unnecessarily long.
Avengers: Endgame,Brilliant storytelling and pacing.,The pacing was off and some scenes dragged.,Had its moments but lacked consistency.,Incredible soundtrack and immersive atmosphere.
Spider-Man: Homecoming,Absolutely stunning visuals and direction.,"Overly complex at times, hard to follow.",Some parts felt a bit slow but still enjoyable.,Predictable storyline and weak dialogue.
Ant-Man,The acting was phenomenal throughout.,Could have been shorter; felt unnecessarily long.,"Good cinematography, though the plot could be tighter.",The acting was phenomenal throughout.
Guardians of the Galaxy Vol. 2,Absolutely stunning visuals and direction.,Underdeveloped characters made it less engaging.,Had its moments but lacked consistency.,The acting was phenomenal throughout.
Logan,Brilliant storytelling and pacing.,Predictable storyline and weak dialogue.,"Good cinematography, though the plot could be tighter.",Could have been shorter; felt unnecessarily long.
Deadpool,The acting was phenomenal throughout.,The pacing was off and some scenes dragged.,Interesting concept but not for everyone.,Predictable storyline and weak dialogue.
X-Men: First Class,Brilliant storytelling and pacing.,Predictable storyline and weak dialogue.,Some parts felt a bit slow but still enjoyable.,Predictable storyline and weak dialogue.
Man of Steel,Brilliant storytelling and pacing.,Underdeveloped characters made it less engaging.,"Good cinematography, though the plot could be tighter.","Overly complex at times, hard to follow."
Wonder Woman,Incredible soundtrack and immersive atmosphere.,Could have been shorter; felt unnecessarily long.,A decent film with room for improvement.,"Overly complex at times, hard to follow."
Aquaman,Absolutely stunning visuals and direction.,"Overly complex at times, hard to follow.",Some parts felt a bit slow but still enjoyable.,Underdeveloped characters made it less engaging.
Shazam!,Brilliant storytelling and pacing.,"Overly complex at times, hard to follow.",Had its moments but lacked consistency.,Underdeveloped characters made it less engaging.
